date,admin1,admin2,market,latitude,longitude,category,commodity,unit,priceflag,pricetype,currency,price,usdprice
2014-07-15,Assaba,Barkeol,Barkéol,16.640389,-12.498493,oil and fats,Oil (vegetable),L,actual,Retail,MRU,50.0,1.7301
2014-07-15,Assaba,Kankossa,Kankossa,15.938907,-11.527006,oil and fats,Oil (vegetable),L,actual,Retail,MRU,45.0,1.5571
2014-07-15,Assaba,Barkeol,Barkéol,16.640389,-12.498493,cereals and tubers,Rice (imported),KG,actual,Retail,MRU,28.0,0.9689
2014-07-15,Assaba,Kankossa,Kankossa,15.938907,-11.527006,cereals and tubers,Rice (imported),KG,actual,Retail,MRU,30.0,1.0381
2014-07-15,Assaba,Barkeol,Barkéol,16.640389,-12.498493,cereals and tubers,Rice (local),KG,actual,Retail,MRU,20.0,0.692
2014-07-15,Assaba,Kankossa,Kankossa,15.938907,-11.527006,cereals and tubers,Rice (local),KG,actual,Retail,MRU,21.12,0.731
2014-07-15,Assaba,Barkeol,Barkéol,16.640389,-12.498493,cereals and tubers,Sorghum (taghalit),KG,actual,Retail,MRU,21.5,0.7439
2014-07-15,Assaba,Kankossa,Kankossa,15.938907,-11.527006,cereals and tubers,Sorghum (taghalit),KG,actual,Retail,MRU,23.75,0.8218
2014-07-15,Assaba,Barkeol,Barkéol,16.640389,-12.498493,miscellaneous food,Sugar,KG,actual,Retail,MRU,25.7,0.8893
2014-07-15,Assaba,Kankossa,Kankossa,15.938907,-11.527006,miscellaneous food,Sugar,KG,actual,Retail,MRU,24.9,0.8616
2014-07-15,Assaba,Barkeol,Barkéol,16.640389,-12.498493,cereals and tubers,Wheat,KG,actual,Retail,MRU,14.6,0.5052
2014-07-15,Assaba,Kankossa,Kankossa,15.938907,-11.527006,cereals and tubers,Wheat,KG,actual,Retail,MRU,16.45,0.5692
2014-10-15,Assaba,Barkeol,Barkéol,16.640389,-12.498493,oil and fats,Oil (vegetable),L,actual,Retail,MRU,50.0,1.7301
2014-10-15,Assaba,Kankossa,Kankossa,15.938907,-11.527006,oil and fats,Oil (vegetable),L,actual,Retail,MRU,42.0,1.4533
2014-10-15,Assaba,Barkeol,Barkéol,16.640389,-12.498493,cereals and tubers,Rice (imported),KG,actual,Retail,MRU,28.0,0.9689
2014-10-15,Assaba,Kankossa,Kankossa,15.938907,-11.527006,cereals and tubers,Rice (imported),KG,actual,Retail,MRU,29.9,1.0346
2014-10-15,Assaba,Barkeol,Barkéol,16.640389,-12.498493,cereals and tubers,Rice (local),KG,actual,Retail,MRU,23.3,0.8062
2014-10-15,Assaba,Kankossa,Kankossa,15.938907,-11.527006,cereals and tubers,Rice (local),KG,actual,Retail,MRU,20.5,0.7093
2014-10-15,Assaba,Barkeol,Barkéol,16.640389,-12.498493,cereals and tubers,Sorghum (taghalit),KG,actual,Retail,MRU,23.9,0.827
2014-10-15,Assaba,Kankossa,Kankossa,15.938907,-11.527006,cereals and tubers,Sorghum (taghalit),KG,actual,Retail,MRU,20.0,0.692
2014-10-15,Assaba,Barkeol,Barkéol,16.640389,-12.498493,miscellaneous food,Sugar,KG,actual,Retail,MRU,23.3,0.8062
2014-10-15,Assaba,Kankossa,Kankossa,15.938907,-11.527006,miscellaneous food,Sugar,KG,actual,Retail,MRU,22.7,0.7855
2014-10-15,Assaba,Barkeol,Barkéol,16.640389,-12.498493,cereals and tubers,Wheat,KG,actual,Retail,MRU,14.0,0.4844
2014-10-15,Assaba,Kankossa,Kankossa,15.938907,-11.527006,cereals and tubers,Wheat,KG,actual,Retail,MRU,16.6,0.5744
2014-11-15,Assaba,Barkeol,Barkéol,16.640389,-12.498493,oil and fats,Oil (vegetable),L,actual,Retail,MRU,50.0,1.7301
2014-11-15,Assaba,Kankossa,Kankossa,15.938907,-11.527006,oil and fats,Oil (vegetable),L,actual,Retail,MRU,40.0,1.3841
2014-11-15,Assaba,Barkeol,Barkéol,16.640389,-12.498493,cereals and tubers,Rice (imported),KG,actual,Retail,MRU,28.0,0.9689
2014-11-15,Assaba,Kankossa,Kankossa,15.938907,-11.527006,cereals and tubers,Rice (imported),KG,actual,Retail,MRU,30.0,1.0381
2014-11-15,Assaba,Barkeol,Barkéol,16.640389,-12.498493,cereals and tubers,Rice (local),KG,actual,Retail,MRU,23.3,0.8062
2014-11-15,Assaba,Kankossa,Kankossa,15.938907,-11.527006,cereals and tubers,Rice (local),KG,actual,Retail,MRU,20.0,0.692
2014-11-15,Assaba,Barkeol,Barkéol,16.640389,-12.498493,cereals and tubers,Sorghum (taghalit),KG,actual,Retail,MRU,24.7,0.8547
2014-11-15,Assaba,Kankossa,Kankossa,15.938907,-11.527006,cereals and tubers,Sorghum (taghalit),KG,actual,Retail,MRU,30.0,1.0381
2014-11-15,Assaba,Barkeol,Barkéol,16.640389,-12.498493,miscellaneous food,Sugar,KG,actual,Retail,MRU,21.0,0.7266
2014-11-15,Assaba,Kankossa,Kankossa,15.938907,-11.527006,miscellaneous food,Sugar,KG,actual,Retail,MRU,24.0,0.8304
2014-11-15,Assaba,Barkeol,Barkéol,16.640389,-12.498493,cereals and tubers,Wheat,KG,actual,Retail,MRU,14.0,0.4844
2014-11-15,Assaba,Kankossa,Kankossa,15.938907,-11.527006,cereals and tubers,Wheat,KG,actual,Retail,MRU,17.0,0.5882
2016-02-15,Assaba,Barkeol,Barkéol,16.640389,-12.498493,oil and fats,Oil (vegetable),L,actual,Retail,MRU,48.33,1.4258
2016-02-15,Assaba,Kankossa,Kankossa,15.938907,-11.527006,oil and fats,Oil (vegetable),L,actual,Retail,MRU,40.0,1.1799
2016-02-15,Assaba,Barkeol,Barkéol,16.640389,-12.498493,cereals and tubers,Rice (imported),KG,actual,Retail,MRU,29.3,0.8643
2016-02-15,Assaba,Kankossa,Kankossa,15.938907,-11.527006,cereals and tubers,Rice (imported),KG,actual,Retail,MRU,33.0,0.9735
2016-02-15,Assaba,Barkeol,Barkéol,16.640389,-12.498493,cereals and tubers,Rice (local),KG,actual,Retail,MRU,25.0,0.7375
2016-02-15,Assaba,Kankossa,Kankossa,15.938907,-11.527006,cereals and tubers,Rice (local),KG,actual,Retail,MRU,22.7,0.6696
2016-02-15,Assaba,Barkeol,Barkéol,16.640389,-12.498493,cereals and tubers,Sorghum (taghalit),KG,actual,Retail,MRU,16.3,0.4808
2016-02-15,Assaba,Kankossa,Kankossa,15.938907,-11.527006,cereals and tubers,Sorghum (taghalit),KG,actual,Retail,MRU,15.0,0.4425
2016-02-15,Assaba,Barkeol,Barkéol,16.640389,-12.498493,miscellaneous food,Sugar,KG,actual,Retail,MRU,21.0,0.6195
2016-02-15,Assaba,Kankossa,Kankossa,15.938907,-11.527006,miscellaneous food,Sugar,KG,actual,Retail,MRU,20.0,0.59
2016-02-15,Assaba,Barkeol,Barkéol,16.640389,-12.498493,cereals and tubers,Wheat,KG,actual,Retail,MRU,11.83,0.3491
2016-02-15,Assaba,Kankossa,Kankossa,15.938907,-11.527006,cereals and tubers,Wheat,KG,actual,Retail,MRU,15.25,0.4499
2016-03-15,Assaba,Barkeol,Barkéol,16.640389,-12.498493,oil and fats,Oil (vegetable),L,actual,Retail,MRU,48.3,1.429
2016-03-15,Assaba,Kankossa,Kankossa,15.938907,-11.527006,oil and fats,Oil (vegetable),L,actual,Retail,MRU,40.0,1.1834
2016-03-15,Assaba,Barkeol,Barkéol,16.640389,-12.498493,cereals and tubers,Rice (imported),KG,actual,Retail,MRU,29.3,0.8669
2016-03-15,Assaba,Kankossa,Kankossa,15.938907,-11.527006,cereals and tubers,Rice (imported),KG,actual,Retail,MRU,33.5,0.9911
2016-03-15,Assaba,Barkeol,Barkéol,16.640389,-12.498493,cereals and tubers,Rice (local),KG,actual,Retail,MRU,24.0,0.7101
2016-03-15,Assaba,Kankossa,Kankossa,15.938907,-11.527006,cereals and tubers,Rice (local),KG,actual,Retail,MRU,22.0,0.6509
2016-03-15,Assaba,Barkeol,Barkéol,16.640389,-12.498493,cereals and tubers,Sorghum (taghalit),KG,actual,Retail,MRU,16.3,0.4822
2016-03-15,Assaba,Kankossa,Kankossa,15.938907,-11.527006,cereals and tubers,Sorghum (taghalit),KG,actual,Retail,MRU,15.0,0.4438
2016-03-15,Assaba,Barkeol,Barkéol,16.640389,-12.498493,miscellaneous food,Sugar,KG,actual,Retail,MRU,21.0,0.6213
2016-03-15,Assaba,Kankossa,Kankossa,15.938907,-11.527006,miscellaneous food,Sugar,KG,actual,Retail,MRU,20.1,0.5947
2016-03-15,Assaba,Barkeol,Barkéol,16.640389,-12.498493,cereals and tubers,Wheat,KG,actual,Retail,MRU,12.0,0.355
2016-03-15,Assaba,Kankossa,Kankossa,15.938907,-11.527006,cereals and tubers,Wheat,KG,actual,Retail,MRU,15.3,0.4527
2016-04-15,Assaba,Barkeol,Barkéol,16.640389,-12.498493,oil and fats,Oil (vegetable),L,actual,Retail,MRU,48.3,1.4123
2016-04-15,Assaba,Kankossa,Kankossa,15.938907,-11.527006,oil and fats,Oil (vegetable),L,actual,Retail,MRU,40.0,1.1696
2016-04-15,Assaba,Barkeol,Barkéol,16.640389,-12.498493,cereals and tubers,Rice (imported),KG,actual,Retail,MRU,29.3,0.8567
2016-04-15,Assaba,Kankossa,Kankossa,15.938907,-11.527006,cereals and tubers,Rice (imported),KG,actual,Retail,MRU,34.7,1.0146
2016-04-15,Assaba,Barkeol,Barkéol,16.640389,-12.498493,cereals and tubers,Rice (local),KG,actual,Retail,MRU,23.0,0.6725
2016-04-15,Assaba,Kankossa,Kankossa,15.938907,-11.527006,cereals and tubers,Rice (local),KG,actual,Retail,MRU,21.8,0.6374
2016-04-15,Assaba,Barkeol,Barkéol,16.640389,-12.498493,cereals and tubers,Sorghum (taghalit),KG,actual,Retail,MRU,16.3,0.4766
2016-04-15,Assaba,Kankossa,Kankossa,15.938907,-11.527006,cereals and tubers,Sorghum (taghalit),KG,actual,Retail,MRU,15.0,0.4386
2016-04-15,Assaba,Barkeol,Barkéol,16.640389,-12.498493,miscellaneous food,Sugar,KG,actual,Retail,MRU,21.0,0.614
2016-04-15,Assaba,Kankossa,Kankossa,15.938907,-11.527006,miscellaneous food,Sugar,KG,actual,Retail,MRU,23.3,0.6813
2016-04-15,Assaba,Barkeol,Barkéol,16.640389,-12.498493,cereals and tubers,Wheat,KG,actual,Retail,MRU,12.0,0.3509
2016-04-15,Assaba,Kankossa,Kankossa,15.938907,-11.527006,cereals and tubers,Wheat,KG,actual,Retail,MRU,15.0,0.4386
2016-05-15,Assaba,Barkeol,Barkéol,16.640389,-12.498493,oil and fats,Oil (vegetable),L,actual,Retail,MRU,48.3,1.3722
2016-05-15,Assaba,Kankossa,Kankossa,15.938907,-11.527006,oil and fats,Oil (vegetable),L,actual,Retail,MRU,40.0,1.1364
2016-05-15,Assaba,Barkeol,Barkéol,16.640389,-12.498493,cereals and tubers,Rice (imported),KG,actual,Retail,MRU,29.3,0.8324
2016-05-15,Assaba,Kankossa,Kankossa,15.938907,-11.527006,cereals and tubers,Rice (imported),KG,actual,Retail,MRU,34.1,0.9688
2016-05-15,Assaba,Barkeol,Barkéol,16.640389,-12.498493,cereals and tubers,Rice (local),KG,actual,Retail,MRU,22.3,0.6335
2016-05-15,Assaba,Kankossa,Kankossa,15.938907,-11.527006,cereals and tubers,Rice (local),KG,actual,Retail,MRU,21.5,0.6108
2016-05-15,Assaba,Barkeol,Barkéol,16.640389,-12.498493,cereals and tubers,Sorghum (taghalit),KG,actual,Retail,MRU,16.2,0.4602
2016-05-15,Assaba,Kankossa,Kankossa,15.938907,-11.527006,cereals and tubers,Sorghum (taghalit),KG,actual,Retail,MRU,15.0,0.4261
2016-05-15,Assaba,Barkeol,Barkéol,16.640389,-12.498493,miscellaneous food,Sugar,KG,actual,Retail,MRU,21.0,0.5966
2016-05-15,Assaba,Kankossa,Kankossa,15.938907,-11.527006,miscellaneous food,Sugar,KG,actual,Retail,MRU,22.6,0.642
2016-05-15,Assaba,Barkeol,Barkéol,16.640389,-12.498493,cereals and tubers,Wheat,KG,actual,Retail,MRU,12.0,0.3409
2016-05-15,Assaba,Kankossa,Kankossa,15.938907,-11.527006,cereals and tubers,Wheat,KG,actual,Retail,MRU,15.2,0.4318
2016-06-15,Assaba,Barkeol,Barkéol,16.640389,-12.498493,oil and fats,Oil (vegetable),L,actual,Retail,MRU,48.3,1.3753
2016-06-15,Assaba,Kankossa,Kankossa,15.938907,-11.527006,oil and fats,Oil (vegetable),L,actual,Retail,MRU,40.0,1.139
2016-06-15,Assaba,Barkeol,Barkéol,16.640389,-12.498493,cereals and tubers,Rice (imported),KG,actual,Retail,MRU,29.3,0.8343
2016-06-15,Assaba,Kankossa,Kankossa,15.938907,-11.527006,cereals and tubers,Rice (imported),KG,actual,Retail,MRU,34.4,0.9795
2016-06-15,Assaba,Barkeol,Barkéol,16.640389,-12.498493,cereals and tubers,Rice (local),KG,actual,Retail,MRU,21.7,0.6179
2016-06-15,Assaba,Kankossa,Kankossa,15.938907,-11.527006,cereals and tubers,Rice (local),KG,actual,Retail,MRU,20.7,0.5894
2016-06-15,Assaba,Barkeol,Barkéol,16.640389,-12.498493,cereals and tubers,Sorghum (taghalit),KG,actual,Retail,MRU,16.0,0.4556
2016-06-15,Assaba,Kankossa,Kankossa,15.938907,-11.527006,cereals and tubers,Sorghum (taghalit),KG,actual,Retail,MRU,15.0,0.4271
2016-06-15,Assaba,Barkeol,Barkéol,16.640389,-12.498493,miscellaneous food,Sugar,KG,actual,Retail,MRU,21.0,0.5979
2016-06-15,Assaba,Kankossa,Kankossa,15.938907,-11.527006,miscellaneous food,Sugar,KG,actual,Retail,MRU,23.3,0.6634
2016-06-15,Assaba,Barkeol,Barkéol,16.640389,-12.498493,cereals and tubers,Wheat,KG,actual,Retail,MRU,12.0,0.3417
2016-06-15,Assaba,Kankossa,Kankossa,15.938907,-11.527006,cereals and tubers,Wheat,KG,actual,Retail,MRU,15.1,0.43
2016-07-15,Assaba,Barkeol,Barkéol,16.640389,-12.498493,oil and fats,Oil (vegetable),L,actual,Retail,MRU,46.3,1.3138
2016-07-15,Assaba,Kankossa,Kankossa,15.938907,-11.527006,oil and fats,Oil (vegetable),L,actual,Retail,MRU,40.0,1.1351
2016-07-15,Assaba,Barkeol,Barkéol,16.640389,-12.498493,cereals and tubers,Rice (imported),KG,actual,Retail,MRU,25.9,0.735
2016-07-15,Assaba,Kankossa,Kankossa,15.938907,-11.527006,cereals and tubers,Rice (imported),KG,actual,Retail,MRU,33.3,0.9449
2016-07-15,Assaba,Barkeol,Barkéol,16.640389,-12.498493,cereals and tubers,Rice (local),KG,actual,Retail,MRU,20.9,0.5931
2016-07-15,Assaba,Kankossa,Kankossa,15.938907,-11.527006,cereals and tubers,Rice (local),KG,actual,Retail,MRU,20.5,0.5817
2016-07-15,Assaba,Barkeol,Barkéol,16.640389,-12.498493,cereals and tubers,Sorghum (taghalit),KG,actual,Retail,MRU,16.0,0.454
2016-07-15,Assaba,Kankossa,Kankossa,15.938907,-11.527006,cereals and tubers,Sorghum (taghalit),KG,actual,Retail,MRU,15.0,0.4257
2016-07-15,Assaba,Barkeol,Barkéol,16.640389,-12.498493,miscellaneous food,Sugar,KG,actual,Retail,MRU,21.0,0.5959
2016-07-15,Assaba,Kankossa,Kankossa,15.938907,-11.527006,miscellaneous food,Sugar,KG,actual,Retail,MRU,25.0,0.7094
2016-07-15,Assaba,Barkeol,Barkéol,16.640389,-12.498493,cereals and tubers,Wheat,KG,actual,Retail,MRU,10.6,0.3008
2016-07-15,Assaba,Kankossa,Kankossa,15.938907,-11.527006,cereals and tubers,Wheat,KG,actual,Retail,MRU,15.0,0.4257
2016-08-15,Assaba,Barkeol,Barkéol,16.640389,-12.498493,oil and fats,Oil (vegetable),L,actual,Retail,MRU,44.2,1.2521
2016-08-15,Assaba,Kankossa,Kankossa,15.938907,-11.527006,oil and fats,Oil (vegetable),L,actual,Retail,MRU,40.0,1.1331
2016-08-15,Assaba,Barkeol,Barkéol,16.640389,-12.498493,cereals and tubers,Rice (imported),KG,actual,Retail,MRU,25.75,0.7295
2016-08-15,Assaba,Kankossa,Kankossa,15.938907,-11.527006,cereals and tubers,Rice (imported),KG,actual,Retail,MRU,34.0,0.9632
2016-08-15,Assaba,Barkeol,Barkéol,16.640389,-12.498493,cereals and tubers,Rice (local),KG,actual,Retail,MRU,20.7,0.5864
2016-08-15,Assaba,Kankossa,Kankossa,15.938907,-11.527006,cereals and tubers,Rice (local),KG,actual,Retail,MRU,20.5,0.5807
2016-08-15,Assaba,Barkeol,Barkéol,16.640389,-12.498493,cereals and tubers,Sorghum (taghalit),KG,actual,Retail,MRU,17.0,0.4816
2016-08-15,Assaba,Kankossa,Kankossa,15.938907,-11.527006,cereals and tubers,Sorghum (taghalit),KG,actual,Retail,MRU,17.0,0.4816
2016-08-15,Assaba,Barkeol,Barkéol,16.640389,-12.498493,miscellaneous food,Sugar,KG,actual,Retail,MRU,22.3,0.6317
2016-08-15,Assaba,Kankossa,Kankossa,15.938907,-11.527006,miscellaneous food,Sugar,KG,actual,Retail,MRU,25.0,0.7082
2016-08-15,Assaba,Barkeol,Barkéol,16.640389,-12.498493,cereals and tubers,Wheat,KG,actual,Retail,MRU,10.5,0.2975
2016-08-15,Assaba,Kankossa,Kankossa,15.938907,-11.527006,cereals and tubers,Wheat,KG,actual,Retail,MRU,15.01,0.4252
2016-09-15,Assaba,Barkeol,Barkéol,16.640389,-12.498493,oil and fats,Oil (vegetable),L,actual,Retail,MRU,44.6,1.2635
2016-09-15,Assaba,Kankossa,Kankossa,15.938907,-11.527006,oil and fats,Oil (vegetable),L,actual,Retail,MRU,40.0,1.1331
2016-09-15,Assaba,Barkeol,Barkéol,16.640389,-12.498493,cereals and tubers,Rice (imported),KG,actual,Retail,MRU,25.0,0.7082
2016-09-15,Assaba,Kankossa,Kankossa,15.938907,-11.527006,cereals and tubers,Rice (imported),KG,actual,Retail,MRU,34.4,0.9745
2016-09-15,Assaba,Barkeol,Barkéol,16.640389,-12.498493,cereals and tubers,Rice (local),KG,actual,Retail,MRU,20.7,0.5864
2016-09-15,Assaba,Kankossa,Kankossa,15.938907,-11.527006,cereals and tubers,Rice (local),KG,actual,Retail,MRU,20.0,0.5666
2016-09-15,Assaba,Barkeol,Barkéol,16.640389,-12.498493,cereals and tubers,Sorghum (taghalit),KG,actual,Retail,MRU,16.0,0.4533
2016-09-15,Assaba,Kankossa,Kankossa,15.938907,-11.527006,cereals and tubers,Sorghum (taghalit),KG,actual,Retail,MRU,17.5,0.4958
2016-09-15,Assaba,Barkeol,Barkéol,16.640389,-12.498493,miscellaneous food,Sugar,KG,actual,Retail,MRU,24.1,0.6827
2016-09-15,Assaba,Kankossa,Kankossa,15.938907,-11.527006,miscellaneous food,Sugar,KG,actual,Retail,MRU,25.0,0.7082
2016-09-15,Assaba,Barkeol,Barkéol,16.640389,-12.498493,cereals and tubers,Wheat,KG,actual,Retail,MRU,10.5,0.2975
2016-09-15,Assaba,Kankossa,Kankossa,15.938907,-11.527006,cereals and tubers,Wheat,KG,actual,Retail,MRU,15.0,0.4249
2016-10-15,Assaba,Barkeol,Barkéol,16.640389,-12.498493,oil and fats,Oil (vegetable),L,actual,Retail,MRU,43.3,1.2232
2016-10-15,Assaba,Kankossa,Kankossa,15.938907,-11.527006,oil and fats,Oil (vegetable),L,actual,Retail,MRU,40.0,1.1299
2016-10-15,Assaba,Barkeol,Barkéol,16.640389,-12.498493,cereals and tubers,Rice (imported),KG,actual,Retail,MRU,25.0,0.7062
2016-10-15,Assaba,Kankossa,Kankossa,15.938907,-11.527006,cereals and tubers,Rice (imported),KG,actual,Retail,MRU,33.8,0.9548
2016-10-15,Assaba,Barkeol,Barkéol,16.640389,-12.498493,cereals and tubers,Rice (local),KG,actual,Retail,MRU,20.7,0.5847
2016-10-15,Assaba,Kankossa,Kankossa,15.938907,-11.527006,cereals and tubers,Rice (local),KG,actual,Retail,MRU,22.1,0.6243
2016-10-15,Assaba,Barkeol,Barkéol,16.640389,-12.498493,cereals and tubers,Sorghum (taghalit),KG,actual,Retail,MRU,16.3,0.4605
2016-10-15,Assaba,Kankossa,Kankossa,15.938907,-11.527006,cereals and tubers,Sorghum (taghalit),KG,actual,Retail,MRU,19.2,0.5424
2016-10-15,Assaba,Barkeol,Barkéol,16.640389,-12.498493,miscellaneous food,Sugar,KG,actual,Retail,MRU,30.8,0.8701
2016-10-15,Assaba,Kankossa,Kankossa,15.938907,-11.527006,miscellaneous food,Sugar,KG,actual,Retail,MRU,23.75,0.6709
2016-10-15,Assaba,Barkeol,Barkéol,16.640389,-12.498493,cereals and tubers,Wheat,KG,actual,Retail,MRU,10.5,0.2966
2016-10-15,Assaba,Kankossa,Kankossa,15.938907,-11.527006,cereals and tubers,Wheat,KG,actual,Retail,MRU,14.8,0.4181
2016-11-15,Assaba,Barkeol,Barkéol,16.640389,-12.498493,oil and fats,Oil (vegetable),L,actual,Retail,MRU,45.0,1.2676
2016-11-15,Assaba,Kankossa,Kankossa,15.938907,-11.527006,oil and fats,Oil (vegetable),L,actual,Retail,MRU,40.0,1.1268
2016-11-15,Assaba,Barkeol,Barkéol,16.640389,-12.498493,cereals and tubers,Rice (imported),KG,actual,Retail,MRU,25.0,0.7042
2016-11-15,Assaba,Kankossa,Kankossa,15.938907,-11.527006,cereals and tubers,Rice (imported),KG,actual,Retail,MRU,34.8,0.9803
2016-11-15,Assaba,Barkeol,Barkéol,16.640389,-12.498493,cereals and tubers,Rice (local),KG,actual,Retail,MRU,20.7,0.5831
2016-11-15,Assaba,Kankossa,Kankossa,15.938907,-11.527006,cereals and tubers,Rice (local),KG,actual,Retail,MRU,22.5,0.6338
2016-11-15,Assaba,Barkeol,Barkéol,16.640389,-12.498493,cereals and tubers,Sorghum (taghalit),KG,actual,Retail,MRU,16.3,0.4592
2016-11-15,Assaba,Kankossa,Kankossa,15.938907,-11.527006,cereals and tubers,Sorghum (taghalit),KG,actual,Retail,MRU,18.0,0.507
2016-11-15,Assaba,Barkeol,Barkéol,16.640389,-12.498493,miscellaneous food,Sugar,KG,actual,Retail,MRU,29.3,0.8254
2016-11-15,Assaba,Kankossa,Kankossa,15.938907,-11.527006,miscellaneous food,Sugar,KG,actual,Retail,MRU,30.0,0.8451
2016-11-15,Assaba,Barkeol,Barkéol,16.640389,-12.498493,cereals and tubers,Wheat,KG,actual,Retail,MRU,10.4,0.293
2016-11-15,Assaba,Kankossa,Kankossa,15.938907,-11.527006,cereals and tubers,Wheat,KG,actual,Retail,MRU,16.6,0.4676
2016-12-15,Assaba,Barkeol,Barkéol,16.640389,-12.498493,oil and fats,Oil (vegetable),L,actual,Retail,MRU,41.7,1.1713
2016-12-15,Assaba,Kankossa,Kankossa,15.938907,-11.527006,oil and fats,Oil (vegetable),L,actual,Retail,MRU,40.0,1.1236
2016-12-15,Assaba,Barkeol,Barkéol,16.640389,-12.498493,cereals and tubers,Rice (imported),KG,actual,Retail,MRU,25.0,0.7022
2016-12-15,Assaba,Kankossa,Kankossa,15.938907,-11.527006,cereals and tubers,Rice (imported),KG,actual,Retail,MRU,33.5,0.941
2016-12-15,Assaba,Barkeol,Barkéol,16.640389,-12.498493,cereals and tubers,Rice (local),KG,actual,Retail,MRU,20.7,0.5815
2016-12-15,Assaba,Kankossa,Kankossa,15.938907,-11.527006,cereals and tubers,Rice (local),KG,actual,Retail,MRU,22.0,0.618
2016-12-15,Assaba,Barkeol,Barkéol,16.640389,-12.498493,cereals and tubers,Sorghum (taghalit),KG,actual,Retail,MRU,17.9,0.5028
2016-12-15,Assaba,Kankossa,Kankossa,15.938907,-11.527006,cereals and tubers,Sorghum (taghalit),KG,actual,Retail,MRU,13.8,0.3876
2016-12-15,Assaba,Barkeol,Barkéol,16.640389,-12.498493,miscellaneous food,Sugar,KG,actual,Retail,MRU,27.8,0.7809
2016-12-15,Assaba,Kankossa,Kankossa,15.938907,-11.527006,miscellaneous food,Sugar,KG,actual,Retail,MRU,28.3,0.7949
2016-12-15,Assaba,Barkeol,Barkéol,16.640389,-12.498493,cereals and tubers,Wheat,KG,actual,Retail,MRU,10.0,0.2809
2016-12-15,Assaba,Kankossa,Kankossa,15.938907,-11.527006,cereals and tubers,Wheat,KG,actual,Retail,MRU,15.0,0.4213
2017-01-15,Assaba,Barkeol,Barkéol,16.640389,-12.498493,oil and fats,Oil (vegetable),L,actual,Retail,MRU,45.0,1.264
2017-01-15,Assaba,Kankossa,Kankossa,15.938907,-11.527006,oil and fats,Oil (vegetable),L,actual,Retail,MRU,40.0,1.1236
2017-01-15,Assaba,Barkeol,Barkéol,16.640389,-12.498493,cereals and tubers,Rice (imported),KG,actual,Retail,MRU,25.0,0.7022
2017-01-15,Assaba,Kankossa,Kankossa,15.938907,-11.527006,cereals and tubers,Rice (imported),KG,actual,Retail,MRU,34.7,0.9747
2017-01-15,Assaba,Barkeol,Barkéol,16.640389,-12.498493,cereals and tubers,Rice (local),KG,actual,Retail,MRU,20.6,0.5787
2017-01-15,Assaba,Kankossa,Kankossa,15.938907,-11.527006,cereals and tubers,Rice (local),KG,actual,Retail,MRU,21.2,0.5955
2017-01-15,Assaba,Barkeol,Barkéol,16.640389,-12.498493,cereals and tubers,Sorghum (taghalit),KG,actual,Retail,MRU,19.5,0.5478
2017-01-15,Assaba,Kankossa,Kankossa,15.938907,-11.527006,cereals and tubers,Sorghum (taghalit),KG,actual,Retail,MRU,14.3,0.4017
2017-01-15,Assaba,Barkeol,Barkéol,16.640389,-12.498493,miscellaneous food,Sugar,KG,actual,Retail,MRU,28.3,0.7949
2017-01-15,Assaba,Kankossa,Kankossa,15.938907,-11.527006,miscellaneous food,Sugar,KG,actual,Retail,MRU,27.1,0.7612
2017-01-15,Assaba,Barkeol,Barkéol,16.640389,-12.498493,cereals and tubers,Wheat,KG,actual,Retail,MRU,10.0,0.2809
2017-01-15,Assaba,Kankossa,Kankossa,15.938907,-11.527006,cereals and tubers,Wheat,KG,actual,Retail,MRU,15.0,0.4213
2017-02-15,Assaba,Barkeol,Barkéol,16.640389,-12.498493,oil and fats,Oil (vegetable),L,actual,Retail,MRU,48.33,1.3577
2017-02-15,Assaba,Kankossa,Kankossa,15.938907,-11.527006,oil and fats,Oil (vegetable),L,actual,Retail,MRU,40.0,1.1236
2017-02-15,Assaba,Barkeol,Barkéol,16.640389,-12.498493,cereals and tubers,Rice (imported),KG,actual,Retail,MRU,28.25,0.7935
2017-02-15,Assaba,Kankossa,Kankossa,15.938907,-11.527006,cereals and tubers,Rice (imported),KG,actual,Retail,MRU,35.0,0.9831
2017-02-15,Assaba,Barkeol,Barkéol,16.640389,-12.498493,cereals and tubers,Rice (local),KG,actual,Retail,MRU,21.5,0.6039
2017-02-15,Assaba,Kankossa,Kankossa,15.938907,-11.527006,cereals and tubers,Rice (local),KG,actual,Retail,MRU,22.25,0.625
2017-02-15,Assaba,Barkeol,Barkéol,16.640389,-12.498493,cereals and tubers,Sorghum (taghalit),KG,actual,Retail,MRU,20.0,0.5618
2017-02-15,Assaba,Kankossa,Kankossa,15.938907,-11.527006,cereals and tubers,Sorghum (taghalit),KG,actual,Retail,MRU,17.5,0.4916
2017-02-15,Assaba,Barkeol,Barkéol,16.640389,-12.498493,miscellaneous food,Sugar,KG,actual,Retail,MRU,28.33,0.7959
2017-02-15,Assaba,Kankossa,Kankossa,15.938907,-11.527006,miscellaneous food,Sugar,KG,actual,Retail,MRU,27.33,0.7678
2017-02-15,Assaba,Barkeol,Barkéol,16.640389,-12.498493,cereals and tubers,Wheat,KG,actual,Retail,MRU,10.0,0.2809
2017-02-15,Assaba,Kankossa,Kankossa,15.938907,-11.527006,cereals and tubers,Wheat,KG,actual,Retail,MRU,14.33,0.4026
2017-03-15,Assaba,Barkeol,Barkéol,16.640389,-12.498493,oil and fats,Oil (vegetable),L,actual,Retail,MRU,48.3,1.3529
2017-03-15,Assaba,Kankossa,Kankossa,15.938907,-11.527006,oil and fats,Oil (vegetable),L,actual,Retail,MRU,40.0,1.1204
2017-03-15,Assaba,Barkeol,Barkéol,16.640389,-12.498493,cereals and tubers,Rice (imported),KG,actual,Retail,MRU,29.3,0.8207
2017-03-15,Assaba,Kankossa,Kankossa,15.938907,-11.527006,cereals and tubers,Rice (imported),KG,actual,Retail,MRU,34.7,0.972
2017-03-15,Assaba,Barkeol,Barkéol,16.640389,-12.498493,cereals and tubers,Rice (local),KG,actual,Retail,MRU,24.0,0.6723
2017-03-15,Assaba,Kankossa,Kankossa,15.938907,-11.527006,cereals and tubers,Rice (local),KG,actual,Retail,MRU,22.5,0.6303
2017-03-15,Assaba,Barkeol,Barkéol,16.640389,-12.498493,cereals and tubers,Sorghum (taghalit),KG,actual,Retail,MRU,20.0,0.5602
2017-03-15,Assaba,Kankossa,Kankossa,15.938907,-11.527006,cereals and tubers,Sorghum (taghalit),KG,actual,Retail,MRU,20.0,0.5602
2017-03-15,Assaba,Barkeol,Barkéol,16.640389,-12.498493,miscellaneous food,Sugar,KG,actual,Retail,MRU,28.3,0.7927
2017-03-15,Assaba,Kankossa,Kankossa,15.938907,-11.527006,miscellaneous food,Sugar,KG,actual,Retail,MRU,27.1,0.7591
2017-03-15,Assaba,Barkeol,Barkéol,16.640389,-12.498493,cereals and tubers,Wheat,KG,actual,Retail,MRU,10.0,0.2801
2017-03-15,Assaba,Kankossa,Kankossa,15.938907,-11.527006,cereals and tubers,Wheat,KG,actual,Retail,MRU,15.3,0.4286
2017-04-15,Assaba,Barkeol,Barkéol,16.640389,-12.498493,oil and fats,Oil (vegetable),L,actual,Retail,MRU,48.3,1.3492
2017-04-15,Assaba,Kankossa,Kankossa,15.938907,-11.527006,oil and fats,Oil (vegetable),L,actual,Retail,MRU,40.0,1.1173
2017-04-15,Assaba,Barkeol,Barkéol,16.640389,-12.498493,cereals and tubers,Rice (imported),KG,actual,Retail,MRU,29.3,0.8184
2017-04-15,Assaba,Kankossa,Kankossa,15.938907,-11.527006,cereals and tubers,Rice (imported),KG,actual,Retail,MRU,34.9,0.9749
2017-04-15,Assaba,Barkeol,Barkéol,16.640389,-12.498493,cereals and tubers,Rice (local),KG,actual,Retail,MRU,24.0,0.6704
2017-04-15,Assaba,Kankossa,Kankossa,15.938907,-11.527006,cereals and tubers,Rice (local),KG,actual,Retail,MRU,24.2,0.676
2017-04-15,Assaba,Barkeol,Barkéol,16.640389,-12.498493,cereals and tubers,Sorghum (taghalit),KG,actual,Retail,MRU,22.5,0.6285
2017-04-15,Assaba,Kankossa,Kankossa,15.938907,-11.527006,cereals and tubers,Sorghum (taghalit),KG,actual,Retail,MRU,16.3,0.4553
2017-04-15,Assaba,Barkeol,Barkéol,16.640389,-12.498493,miscellaneous food,Sugar,KG,actual,Retail,MRU,28.3,0.7905
2017-04-15,Assaba,Kankossa,Kankossa,15.938907,-11.527006,miscellaneous food,Sugar,KG,actual,Retail,MRU,28.3,0.7905
2017-04-15,Assaba,Barkeol,Barkéol,16.640389,-12.498493,cereals and tubers,Wheat,KG,actual,Retail,MRU,10.25,0.2863
2017-04-15,Assaba,Kankossa,Kankossa,15.938907,-11.527006,cereals and tubers,Wheat,KG,actual,Retail,MRU,15.0,0.419
2017-05-15,Assaba,Barkeol,Barkéol,16.640389,-12.498493,oil and fats,Oil (vegetable),L,actual,Retail,MRU,48.3,1.3492
2017-05-15,Assaba,Kankossa,Kankossa,15.938907,-11.527006,oil and fats,Oil (vegetable),L,actual,Retail,MRU,40.0,1.1173
2017-05-15,Assaba,Barkeol,Barkéol,16.640389,-12.498493,cereals and tubers,Rice (imported),KG,actual,Retail,MRU,29.3,0.8184
2017-05-15,Assaba,Kankossa,Kankossa,15.938907,-11.527006,cereals and tubers,Rice (imported),KG,actual,Retail,MRU,32.8,0.9162
2017-05-15,Assaba,Barkeol,Barkéol,16.640389,-12.498493,cereals and tubers,Rice (local),KG,actual,Retail,MRU,24.0,0.6704
2017-05-15,Assaba,Kankossa,Kankossa,15.938907,-11.527006,cereals and tubers,Rice (local),KG,actual,Retail,MRU,22.4,0.6257
2017-05-15,Assaba,Barkeol,Barkéol,16.640389,-12.498493,cereals and tubers,Sorghum (taghalit),KG,actual,Retail,MRU,25.0,0.6983
2017-05-15,Assaba,Kankossa,Kankossa,15.938907,-11.527006,cereals and tubers,Sorghum (taghalit),KG,actual,Retail,MRU,21.0,0.5866
2017-05-15,Assaba,Barkeol,Barkéol,16.640389,-12.498493,miscellaneous food,Sugar,KG,actual,Retail,MRU,28.3,0.7905
2017-05-15,Assaba,Kankossa,Kankossa,15.938907,-11.527006,miscellaneous food,Sugar,KG,actual,Retail,MRU,27.3,0.7626
2017-05-15,Assaba,Barkeol,Barkéol,16.640389,-12.498493,cereals and tubers,Wheat,KG,actual,Retail,MRU,10.5,0.2933
2017-05-15,Assaba,Kankossa,Kankossa,15.938907,-11.527006,cereals and tubers,Wheat,KG,actual,Retail,MRU,15.2,0.4246
2017-06-15,Assaba,Barkeol,Barkéol,16.640389,-12.498493,oil and fats,Oil (vegetable),L,actual,Retail,MRU,48.33,1.3462
2017-06-15,Assaba,Kankossa,Kankossa,15.938907,-11.527006,oil and fats,Oil (vegetable),L,actual,Retail,MRU,40.0,1.1142
2017-06-15,Assaba,Barkeol,Barkéol,16.640389,-12.498493,cereals and tubers,Rice (imported),KG,actual,Retail,MRU,29.33,0.817
2017-06-15,Assaba,Kankossa,Kankossa,15.938907,-11.527006,cereals and tubers,Rice (imported),KG,actual,Retail,MRU,35.0,0.9749
2017-06-15,Assaba,Barkeol,Barkéol,16.640389,-12.498493,cereals and tubers,Rice (local),KG,actual,Retail,MRU,24.0,0.6685
2017-06-15,Assaba,Kankossa,Kankossa,15.938907,-11.527006,cereals and tubers,Rice (local),KG,actual,Retail,MRU,24.33,0.6777
2017-06-15,Assaba,Barkeol,Barkéol,16.640389,-12.498493,cereals and tubers,Sorghum (taghalit),KG,actual,Retail,MRU,25.0,0.6964
2017-06-15,Assaba,Kankossa,Kankossa,15.938907,-11.527006,cereals and tubers,Sorghum (taghalit),KG,actual,Retail,MRU,19.38,0.5397
2017-06-15,Assaba,Barkeol,Barkéol,16.640389,-12.498493,miscellaneous food,Sugar,KG,actual,Retail,MRU,28.33,0.7891
2017-06-15,Assaba,Kankossa,Kankossa,15.938907,-11.527006,miscellaneous food,Sugar,KG,actual,Retail,MRU,26.0,0.7242
2017-06-15,Assaba,Barkeol,Barkéol,16.640389,-12.498493,cereals and tubers,Wheat,KG,actual,Retail,MRU,10.5,0.2925
2017-06-15,Assaba,Kankossa,Kankossa,15.938907,-11.527006,cereals and tubers,Wheat,KG,actual,Retail,MRU,15.65,0.4359
2017-07-15,Assaba,Barkeol,Barkéol,16.640389,-12.498493,oil and fats,Oil (vegetable),L,actual,Retail,MRU,49.08,1.3633
2017-07-15,Assaba,Kankossa,Kankossa,15.938907,-11.527006,oil and fats,Oil (vegetable),L,actual,Retail,MRU,40.0,1.1111
2017-07-15,Assaba,Barkeol,Barkéol,16.640389,-12.498493,cereals and tubers,Rice (imported),KG,actual,Retail,MRU,29.33,0.8147
2017-07-15,Assaba,Kankossa,Kankossa,15.938907,-11.527006,cereals and tubers,Rice (imported),KG,actual,Retail,MRU,35.0,0.9722
2017-07-15,Assaba,Barkeol,Barkéol,16.640389,-12.498493,cereals and tubers,Rice (local),KG,actual,Retail,MRU,24.0,0.6667
2017-07-15,Assaba,Kankossa,Kankossa,15.938907,-11.527006,cereals and tubers,Rice (local),KG,actual,Retail,MRU,24.75,0.6875
2017-07-15,Assaba,Barkeol,Barkéol,16.640389,-12.498493,cereals and tubers,Sorghum (taghalit),KG,actual,Retail,MRU,25.0,0.6944
2017-07-15,Assaba,Kankossa,Kankossa,15.938907,-11.527006,cereals and tubers,Sorghum (taghalit),KG,actual,Retail,MRU,20.0,0.5556
2017-07-15,Assaba,Barkeol,Barkéol,16.640389,-12.498493,miscellaneous food,Sugar,KG,actual,Retail,MRU,28.33,0.7869
2017-07-15,Assaba,Kankossa,Kankossa,15.938907,-11.527006,miscellaneous food,Sugar,KG,actual,Retail,MRU,25.0,0.6944
2017-07-15,Assaba,Barkeol,Barkéol,16.640389,-12.498493,cereals and tubers,Wheat,KG,actual,Retail,MRU,12.13,0.3369
2017-07-15,Assaba,Kankossa,Kankossa,15.938907,-11.527006,cereals and tubers,Wheat,KG,actual,Retail,MRU,15.25,0.4236
2017-08-15,Assaba,Barkeol,Barkéol,16.640389,-12.498493,oil and fats,Oil (vegetable),L,actual,Retail,MRU,44.17,1.2201
2017-08-15,Assaba,Kankossa,Kankossa,15.938907,-11.527006,oil and fats,Oil (vegetable),L,actual,Retail,MRU,40.0,1.105
2017-08-15,Assaba,Barkeol,Barkéol,16.640389,-12.498493,cereals and tubers,Rice (imported),KG,actual,Retail,MRU,25.75,0.7113
2017-08-15,Assaba,Kankossa,Kankossa,15.938907,-11.527006,cereals and tubers,Rice (imported),KG,actual,Retail,MRU,34.0,0.9392
2017-08-15,Assaba,Barkeol,Barkéol,16.640389,-12.498493,cereals and tubers,Rice (local),KG,actual,Retail,MRU,20.67,0.5709
2017-08-15,Assaba,Kankossa,Kankossa,15.938907,-11.527006,cereals and tubers,Rice (local),KG,actual,Retail,MRU,20.5,0.5663
2017-08-15,Assaba,Barkeol,Barkéol,16.640389,-12.498493,cereals and tubers,Sorghum (taghalit),KG,actual,Retail,MRU,17.0,0.4696
2017-08-15,Assaba,Kankossa,Kankossa,15.938907,-11.527006,cereals and tubers,Sorghum (taghalit),KG,actual,Retail,MRU,17.0,0.4696
2017-08-15,Assaba,Barkeol,Barkéol,16.640389,-12.498493,miscellaneous food,Sugar,KG,actual,Retail,MRU,22.25,0.6146
2017-08-15,Assaba,Kankossa,Kankossa,15.938907,-11.527006,miscellaneous food,Sugar,KG,actual,Retail,MRU,25.0,0.6906
2017-08-15,Assaba,Barkeol,Barkéol,16.640389,-12.498493,cereals and tubers,Wheat,KG,actual,Retail,MRU,10.5,0.2901
2017-08-15,Assaba,Kankossa,Kankossa,15.938907,-11.527006,cereals and tubers,Wheat,KG,actual,Retail,MRU,15.01,0.4146
2017-09-15,Assaba,Barkeol,Barkéol,16.640389,-12.498493,oil and fats,Oil (vegetable),L,actual,Retail,MRU,48.33,1.3352
2017-09-15,Assaba,Kankossa,Kankossa,15.938907,-11.527006,oil and fats,Oil (vegetable),L,actual,Retail,MRU,40.0,1.105
2017-09-15,Assaba,Barkeol,Barkéol,16.640389,-12.498493,cereals and tubers,Rice (imported),KG,actual,Retail,MRU,29.08,0.8034
2017-09-15,Assaba,Kankossa,Kankossa,15.938907,-11.527006,cereals and tubers,Rice (imported),KG,actual,Retail,MRU,33.75,0.9323
2017-09-15,Assaba,Barkeol,Barkéol,16.640389,-12.498493,cereals and tubers,Rice (local),KG,actual,Retail,MRU,24.0,0.663
2017-09-15,Assaba,Kankossa,Kankossa,15.938907,-11.527006,cereals and tubers,Rice (local),KG,actual,Retail,MRU,25.0,0.6906
2017-09-15,Assaba,Barkeol,Barkéol,16.640389,-12.498493,cereals and tubers,Sorghum (taghalit),KG,actual,Retail,MRU,31.0,0.8564
2017-09-15,Assaba,Kankossa,Kankossa,15.938907,-11.527006,cereals and tubers,Sorghum (taghalit),KG,actual,Retail,MRU,26.25,0.7251
2017-09-15,Assaba,Barkeol,Barkéol,16.640389,-12.498493,miscellaneous food,Sugar,KG,actual,Retail,MRU,28.33,0.7827
2017-09-15,Assaba,Kankossa,Kankossa,15.938907,-11.527006,miscellaneous food,Sugar,KG,actual,Retail,MRU,25.0,0.6906
2017-09-15,Assaba,Barkeol,Barkéol,16.640389,-12.498493,cereals and tubers,Wheat,KG,actual,Retail,MRU,12.17,0.3361
2017-09-15,Assaba,Kankossa,Kankossa,15.938907,-11.527006,cereals and tubers,Wheat,KG,actual,Retail,MRU,16.17,0.4466
2017-10-15,Assaba,Barkeol,Barkéol,16.640389,-12.498493,oil and fats,Oil (vegetable),L,actual,Retail,MRU,45.0,1.2431
2017-10-15,Assaba,Kankossa,Kankossa,15.938907,-11.527006,oil and fats,Oil (vegetable),L,actual,Retail,MRU,40.0,1.105
2017-10-15,Assaba,Barkeol,Barkéol,16.640389,-12.498493,cereals and tubers,Rice (imported),KG,actual,Retail,MRU,28.33,0.7827
2017-10-15,Assaba,Kankossa,Kankossa,15.938907,-11.527006,cereals and tubers,Rice (imported),KG,actual,Retail,MRU,31.25,0.8633
2017-10-15,Assaba,Barkeol,Barkéol,16.640389,-12.498493,cereals and tubers,Rice (local),KG,actual,Retail,MRU,24.89,0.6875
2017-10-15,Assaba,Kankossa,Kankossa,15.938907,-11.527006,cereals and tubers,Rice (local),KG,actual,Retail,MRU,25.0,0.6906
2017-10-15,Assaba,Barkeol,Barkéol,16.640389,-12.498493,cereals and tubers,Sorghum (taghalit),KG,actual,Retail,MRU,31.0,0.8564
2017-10-15,Assaba,Kankossa,Kankossa,15.938907,-11.527006,cereals and tubers,Sorghum (taghalit),KG,actual,Retail,MRU,30.0,0.8287
2017-10-15,Assaba,Barkeol,Barkéol,16.640389,-12.498493,miscellaneous food,Sugar,KG,actual,Retail,MRU,26.67,0.7366
2017-10-15,Assaba,Kankossa,Kankossa,15.938907,-11.527006,miscellaneous food,Sugar,KG,actual,Retail,MRU,25.0,0.6906
2017-10-15,Assaba,Barkeol,Barkéol,16.640389,-12.498493,cereals and tubers,Wheat,KG,actual,Retail,MRU,12.17,0.3361
2017-10-15,Assaba,Kankossa,Kankossa,15.938907,-11.527006,cereals and tubers,Wheat,KG,actual,Retail,MRU,16.25,0.4489
2017-11-15,Assaba,Barkeol,Barkéol,16.640389,-12.498493,oil and fats,Oil (vegetable),L,actual,Retail,MRU,45.0,1.2773
2017-11-15,Assaba,Kankossa,Kankossa,15.938907,-11.527006,oil and fats,Oil (vegetable),L,actual,Retail,MRU,40.0,1.1354
2017-11-15,Assaba,Barkeol,Barkéol,16.640389,-12.498493,cereals and tubers,Rice (imported),KG,actual,Retail,MRU,29.67,0.8421
2017-11-15,Assaba,Kankossa,Kankossa,15.938907,-11.527006,cereals and tubers,Rice (imported),KG,actual,Retail,MRU,35.0,0.9935
2017-11-15,Assaba,Barkeol,Barkéol,16.640389,-12.498493,cereals and tubers,Rice (local),KG,actual,Retail,MRU,25.33,0.7191
2017-11-15,Assaba,Kankossa,Kankossa,15.938907,-11.527006,cereals and tubers,Rice (local),KG,actual,Retail,MRU,24.6,0.6983
2017-11-15,Assaba,Barkeol,Barkéol,16.640389,-12.498493,cereals and tubers,Sorghum (taghalit),KG,actual,Retail,MRU,31.0,0.8799
2017-11-15,Assaba,Kankossa,Kankossa,15.938907,-11.527006,cereals and tubers,Sorghum (taghalit),KG,actual,Retail,MRU,40.0,1.1354
2017-11-15,Assaba,Barkeol,Barkéol,16.640389,-12.498493,miscellaneous food,Sugar,KG,actual,Retail,MRU,27.22,0.7727
2017-11-15,Assaba,Kankossa,Kankossa,15.938907,-11.527006,miscellaneous food,Sugar,KG,actual,Retail,MRU,24.0,0.6812
2017-11-15,Assaba,Barkeol,Barkéol,16.640389,-12.498493,cereals and tubers,Wheat,KG,actual,Retail,MRU,12.11,0.3438
2017-11-15,Assaba,Kankossa,Kankossa,15.938907,-11.527006,cereals and tubers,Wheat,KG,actual,Retail,MRU,16.07,0.456
2017-12-15,Assaba,Barkeol,Barkéol,16.640389,-12.498493,oil and fats,Oil (vegetable),L,actual,Retail,MRU,45.83,1.2984
2017-12-15,Assaba,Kankossa,Kankossa,15.938907,-11.527006,oil and fats,Oil (vegetable),L,actual,Retail,MRU,40.0,1.1331
2017-12-15,Assaba,Barkeol,Barkéol,16.640389,-12.498493,cereals and tubers,Rice (imported),KG,actual,Retail,MRU,29.33,0.831
2017-12-15,Assaba,Kankossa,Kankossa,15.938907,-11.527006,cereals and tubers,Rice (imported),KG,actual,Retail,MRU,35.0,0.9915
2017-12-15,Assaba,Barkeol,Barkéol,16.640389,-12.498493,cereals and tubers,Rice (local),KG,actual,Retail,MRU,25.0,0.7082
2017-12-15,Assaba,Kankossa,Kankossa,15.938907,-11.527006,cereals and tubers,Rice (local),KG,actual,Retail,MRU,24.33,0.6893
2017-12-15,Assaba,Barkeol,Barkéol,16.640389,-12.498493,cereals and tubers,Sorghum (taghalit),KG,actual,Retail,MRU,31.0,0.8782
2017-12-15,Assaba,Kankossa,Kankossa,15.938907,-11.527006,cereals and tubers,Sorghum (taghalit),KG,actual,Retail,MRU,38.33,1.0859
2017-12-15,Assaba,Barkeol,Barkéol,16.640389,-12.498493,miscellaneous food,Sugar,KG,actual,Retail,MRU,27.92,0.7908
2017-12-15,Assaba,Kankossa,Kankossa,15.938907,-11.527006,miscellaneous food,Sugar,KG,actual,Retail,MRU,25.0,0.7082
2017-12-15,Assaba,Barkeol,Barkéol,16.640389,-12.498493,cereals and tubers,Wheat,KG,actual,Retail,MRU,12.17,0.3447
2017-12-15,Assaba,Kankossa,Kankossa,15.938907,-11.527006,cereals and tubers,Wheat,KG,actual,Retail,MRU,15.33,0.4344
2018-01-15,Assaba,Barkeol,Barkéol,16.640389,-12.498493,oil and fats,Oil (vegetable),L,actual,Retail,MRU,45.0,1.2857
2018-01-15,Assaba,Kankossa,Kankossa,15.938907,-11.527006,oil and fats,Oil (vegetable),L,actual,Retail,MRU,40.0,1.1429
2018-01-15,Assaba,Barkeol,Barkéol,16.640389,-12.498493,cereals and tubers,Rice (imported),KG,actual,Retail,MRU,29.67,0.8476
2018-01-15,Assaba,Kankossa,Kankossa,15.938907,-11.527006,cereals and tubers,Rice (imported),KG,actual,Retail,MRU,35.0,1.0
2018-01-15,Assaba,Barkeol,Barkéol,16.640389,-12.498493,cereals and tubers,Rice (local),KG,actual,Retail,MRU,25.33,0.7238
2018-01-15,Assaba,Kankossa,Kankossa,15.938907,-11.527006,cereals and tubers,Rice (local),KG,actual,Retail,MRU,25.49,0.7283
2018-01-15,Assaba,Barkeol,Barkéol,16.640389,-12.498493,cereals and tubers,Sorghum (taghalit),KG,actual,Retail,MRU,43.67,1.2476
2018-01-15,Assaba,Kankossa,Kankossa,15.938907,-11.527006,cereals and tubers,Sorghum (taghalit),KG,actual,Retail,MRU,36.25,1.0356
2018-01-15,Assaba,Barkeol,Barkéol,16.640389,-12.498493,miscellaneous food,Sugar,KG,actual,Retail,MRU,27.78,0.7937
2018-01-15,Assaba,Kankossa,Kankossa,15.938907,-11.527006,miscellaneous food,Sugar,KG,actual,Retail,MRU,25.0,0.7143
2018-01-15,Assaba,Barkeol,Barkéol,16.640389,-12.498493,cereals and tubers,Wheat,KG,actual,Retail,MRU,12.17,0.3476
2018-01-15,Assaba,Kankossa,Kankossa,15.938907,-11.527006,cereals and tubers,Wheat,KG,actual,Retail,MRU,14.87,0.4247
2018-02-15,Assaba,Barkeol,Barkéol,16.640389,-12.498493,oil and fats,Oil (vegetable),L,actual,Retail,MRU,45.0,1.2828
2018-02-15,Assaba,Kankossa,Kankossa,15.938907,-11.527006,oil and fats,Oil (vegetable),L,actual,Retail,MRU,40.0,1.1403
2018-02-15,Assaba,Barkeol,Barkéol,16.640389,-12.498493,cereals and tubers,Rice (imported),KG,actual,Retail,MRU,29.67,0.8457
2018-02-15,Assaba,Kankossa,Kankossa,15.938907,-11.527006,cereals and tubers,Rice (imported),KG,actual,Retail,MRU,35.0,0.9977
2018-02-15,Assaba,Barkeol,Barkéol,16.640389,-12.498493,cereals and tubers,Rice (local),KG,actual,Retail,MRU,25.33,0.7222
2018-02-15,Assaba,Kankossa,Kankossa,15.938907,-11.527006,cereals and tubers,Rice (local),KG,actual,Retail,MRU,26.5,0.7554
2018-02-15,Assaba,Barkeol,Barkéol,16.640389,-12.498493,cereals and tubers,Sorghum (taghalit),KG,actual,Retail,MRU,50.0,1.4253
2018-02-15,Assaba,Kankossa,Kankossa,15.938907,-11.527006,cereals and tubers,Sorghum (taghalit),KG,actual,Retail,MRU,30.0,0.8552
2018-02-15,Assaba,Barkeol,Barkéol,16.640389,-12.498493,miscellaneous food,Sugar,KG,actual,Retail,MRU,28.33,0.8077
2018-02-15,Assaba,Kankossa,Kankossa,15.938907,-11.527006,miscellaneous food,Sugar,KG,actual,Retail,MRU,25.0,0.7127
2018-02-15,Assaba,Barkeol,Barkéol,16.640389,-12.498493,cereals and tubers,Wheat,KG,actual,Retail,MRU,12.17,0.3468
2018-02-15,Assaba,Kankossa,Kankossa,15.938907,-11.527006,cereals and tubers,Wheat,KG,actual,Retail,MRU,14.84,0.4229
2018-03-15,Assaba,Barkeol,Barkéol,16.640389,-12.498493,oil and fats,Oil (vegetable),L,actual,Retail,MRU,45.0,1.2791
2018-03-15,Assaba,Kankossa,Kankossa,15.938907,-11.527006,oil and fats,Oil (vegetable),L,actual,Retail,MRU,40.0,1.137
2018-03-15,Assaba,Barkeol,Barkéol,16.640389,-12.498493,cereals and tubers,Rice (imported),KG,actual,Retail,MRU,29.67,0.8433
2018-03-15,Assaba,Kankossa,Kankossa,15.938907,-11.527006,cereals and tubers,Rice (imported),KG,actual,Retail,MRU,36.33,1.0328
2018-03-15,Assaba,Barkeol,Barkéol,16.640389,-12.498493,cereals and tubers,Rice (local),KG,actual,Retail,MRU,25.33,0.7201
2018-03-15,Assaba,Kankossa,Kankossa,15.938907,-11.527006,cereals and tubers,Rice (local),KG,actual,Retail,MRU,25.33,0.7201
2018-03-15,Assaba,Barkeol,Barkéol,16.640389,-12.498493,cereals and tubers,Sorghum (taghalit),KG,actual,Retail,MRU,49.58,1.4094
2018-03-15,Assaba,Kankossa,Kankossa,15.938907,-11.527006,cereals and tubers,Sorghum (taghalit),KG,actual,Retail,MRU,30.0,0.8528
2018-03-15,Assaba,Barkeol,Barkéol,16.640389,-12.498493,miscellaneous food,Sugar,KG,actual,Retail,MRU,28.33,0.8054
2018-03-15,Assaba,Kankossa,Kankossa,15.938907,-11.527006,miscellaneous food,Sugar,KG,actual,Retail,MRU,25.0,0.7106
2018-03-15,Assaba,Barkeol,Barkéol,16.640389,-12.498493,cereals and tubers,Wheat,KG,actual,Retail,MRU,12.17,0.3458
2018-03-15,Assaba,Kankossa,Kankossa,15.938907,-11.527006,cereals and tubers,Wheat,KG,actual,Retail,MRU,16.11,0.4579
2018-04-15,Assaba,Barkeol,Barkéol,16.640389,-12.498493,oil and fats,Oil (vegetable),L,actual,Retail,MRU,45.0,1.2857
2018-04-15,Assaba,Kankossa,Kankossa,15.938907,-11.527006,oil and fats,Oil (vegetable),L,actual,Retail,MRU,40.0,1.1429
2018-04-15,Assaba,Barkeol,Barkéol,16.640389,-12.498493,cereals and tubers,Rice (imported),KG,actual,Retail,MRU,29.67,0.8476
2018-04-15,Assaba,Kankossa,Kankossa,15.938907,-11.527006,cereals and tubers,Rice (imported),KG,actual,Retail,MRU,32.05,0.9157
2018-04-15,Assaba,Barkeol,Barkéol,16.640389,-12.498493,cereals and tubers,Rice (local),KG,actual,Retail,MRU,25.33,0.7238
2018-04-15,Assaba,Kankossa,Kankossa,15.938907,-11.527006,cereals and tubers,Rice (local),KG,actual,Retail,MRU,26.07,0.745
2018-04-15,Assaba,Barkeol,Barkéol,16.640389,-12.498493,cereals and tubers,Sorghum (taghalit),KG,actual,Retail,MRU,48.33,1.381
2018-04-15,Assaba,Kankossa,Kankossa,15.938907,-11.527006,cereals and tubers,Sorghum (taghalit),KG,actual,Retail,MRU,31.2,0.8914
2018-04-15,Assaba,Barkeol,Barkéol,16.640389,-12.498493,miscellaneous food,Sugar,KG,actual,Retail,MRU,27.5,0.7857
2018-04-15,Assaba,Kankossa,Kankossa,15.938907,-11.527006,miscellaneous food,Sugar,KG,actual,Retail,MRU,23.65,0.6757
2018-04-15,Assaba,Barkeol,Barkéol,16.640389,-12.498493,cereals and tubers,Wheat,KG,actual,Retail,MRU,13.33,0.381
2018-04-15,Assaba,Kankossa,Kankossa,15.938907,-11.527006,cereals and tubers,Wheat,KG,actual,Retail,MRU,15.5,0.4429
2018-05-15,Assaba,Barkeol,Barkéol,16.640389,-12.498493,oil and fats,Oil (vegetable),L,actual,Retail,MRU,45.0,1.2708
2018-05-15,Assaba,Kankossa,Kankossa,15.938907,-11.527006,oil and fats,Oil (vegetable),L,actual,Retail,MRU,40.0,1.1296
2018-05-15,Assaba,Barkeol,Barkéol,16.640389,-12.498493,cereals and tubers,Rice (imported),KG,actual,Retail,MRU,30.0,0.8472
2018-05-15,Assaba,Kankossa,Kankossa,15.938907,-11.527006,cereals and tubers,Rice (imported),KG,actual,Retail,MRU,36.72,1.037
2018-05-15,Assaba,Barkeol,Barkéol,16.640389,-12.498493,cereals and tubers,Rice (local),KG,actual,Retail,MRU,25.78,0.728
2018-05-15,Assaba,Kankossa,Kankossa,15.938907,-11.527006,cereals and tubers,Rice (local),KG,actual,Retail,MRU,26.0,0.7343
2018-05-15,Assaba,Barkeol,Barkéol,16.640389,-12.498493,cereals and tubers,Sorghum (taghalit),KG,actual,Retail,MRU,48.33,1.365
2018-05-15,Assaba,Kankossa,Kankossa,15.938907,-11.527006,cereals and tubers,Sorghum (taghalit),KG,actual,Retail,MRU,31.72,0.8958
2018-05-15,Assaba,Barkeol,Barkéol,16.640389,-12.498493,miscellaneous food,Sugar,KG,actual,Retail,MRU,26.67,0.7531
2018-05-15,Assaba,Kankossa,Kankossa,15.938907,-11.527006,miscellaneous food,Sugar,KG,actual,Retail,MRU,23.07,0.6514
2018-05-15,Assaba,Barkeol,Barkéol,16.640389,-12.498493,cereals and tubers,Wheat,KG,actual,Retail,MRU,15.83,0.4471
2018-05-15,Assaba,Kankossa,Kankossa,15.938907,-11.527006,cereals and tubers,Wheat,KG,actual,Retail,MRU,16.64,0.4699
2018-06-15,Assaba,Barkeol,Barkéol,16.640389,-12.498493,oil and fats,Oil (vegetable),L,actual,Retail,MRU,45.0,1.2658
2018-06-15,Assaba,Kankossa,Kankossa,15.938907,-11.527006,oil and fats,Oil (vegetable),L,actual,Retail,MRU,40.0,1.1252
2018-06-15,Assaba,Barkeol,Barkéol,16.640389,-12.498493,cereals and tubers,Rice (imported),KG,actual,Retail,MRU,30.0,0.8439
2018-06-15,Assaba,Kankossa,Kankossa,15.938907,-11.527006,cereals and tubers,Rice (imported),KG,actual,Retail,MRU,36.4,1.0239
2018-06-15,Assaba,Barkeol,Barkéol,16.640389,-12.498493,cereals and tubers,Rice (local),KG,actual,Retail,MRU,25.33,0.7126
2018-06-15,Assaba,Kankossa,Kankossa,15.938907,-11.527006,cereals and tubers,Rice (local),KG,actual,Retail,MRU,25.7,0.7229
2018-06-15,Assaba,Barkeol,Barkéol,16.640389,-12.498493,cereals and tubers,Sorghum (taghalit),KG,actual,Retail,MRU,48.33,1.3596
2018-06-15,Assaba,Kankossa,Kankossa,15.938907,-11.527006,cereals and tubers,Sorghum (taghalit),KG,actual,Retail,MRU,33.27,0.9358
2018-06-15,Assaba,Barkeol,Barkéol,16.640389,-12.498493,miscellaneous food,Sugar,KG,actual,Retail,MRU,26.67,0.7501
2018-06-15,Assaba,Kankossa,Kankossa,15.938907,-11.527006,miscellaneous food,Sugar,KG,actual,Retail,MRU,22.53,0.6338
2018-06-15,Assaba,Barkeol,Barkéol,16.640389,-12.498493,cereals and tubers,Wheat,KG,actual,Retail,MRU,14.17,0.3985
2018-06-15,Assaba,Kankossa,Kankossa,15.938907,-11.527006,cereals and tubers,Wheat,KG,actual,Retail,MRU,16.07,0.4519
2018-07-15,Assaba,Barkeol,Barkéol,16.640389,-12.498493,oil and fats,Oil (vegetable),L,actual,Retail,MRU,43.75,1.2289
2018-07-15,Assaba,Kankossa,Kankossa,15.938907,-11.527006,oil and fats,Oil (vegetable),L,actual,Retail,MRU,40.0,1.1236
2018-07-15,Assaba,Barkeol,Barkéol,16.640389,-12.498493,cereals and tubers,Rice (imported),KG,actual,Retail,MRU,30.0,0.8427
2018-07-15,Assaba,Kankossa,Kankossa,15.938907,-11.527006,cereals and tubers,Rice (imported),KG,actual,Retail,MRU,37.45,1.052
2018-07-15,Assaba,Barkeol,Barkéol,16.640389,-12.498493,cereals and tubers,Rice (local),KG,actual,Retail,MRU,25.33,0.7116
2018-07-15,Assaba,Kankossa,Kankossa,15.938907,-11.527006,cereals and tubers,Rice (local),KG,actual,Retail,MRU,26.2,0.736
2018-07-15,Assaba,Barkeol,Barkéol,16.640389,-12.498493,cereals and tubers,Sorghum (taghalit),KG,actual,Retail,MRU,48.33,1.3577
2018-07-15,Assaba,Kankossa,Kankossa,15.938907,-11.527006,cereals and tubers,Sorghum (taghalit),KG,actual,Retail,MRU,33.55,0.9424
2018-07-15,Assaba,Barkeol,Barkéol,16.640389,-12.498493,miscellaneous food,Sugar,KG,actual,Retail,MRU,26.67,0.7491
2018-07-15,Assaba,Kankossa,Kankossa,15.938907,-11.527006,miscellaneous food,Sugar,KG,actual,Retail,MRU,22.45,0.6306
2018-07-15,Assaba,Barkeol,Barkéol,16.640389,-12.498493,cereals and tubers,Wheat,KG,actual,Retail,MRU,13.67,0.3839
2018-07-15,Assaba,Kankossa,Kankossa,15.938907,-11.527006,cereals and tubers,Wheat,KG,actual,Retail,MRU,16.0,0.4494
2018-08-15,Assaba,Barkeol,Barkéol,16.640389,-12.498493,oil and fats,Oil (vegetable),L,actual,Retail,MRU,40.0,1.1204
2018-08-15,Assaba,Kankossa,Kankossa,15.938907,-11.527006,oil and fats,Oil (vegetable),L,actual,Retail,MRU,40.0,1.1204
2018-08-15,Assaba,Barkeol,Barkéol,16.640389,-12.498493,cereals and tubers,Rice (imported),KG,actual,Retail,MRU,30.0,0.8403
2018-08-15,Assaba,Kankossa,Kankossa,15.938907,-11.527006,cereals and tubers,Rice (imported),KG,actual,Retail,MRU,38.2,1.07
2018-08-15,Assaba,Barkeol,Barkéol,16.640389,-12.498493,cereals and tubers,Rice (local),KG,actual,Retail,MRU,25.33,0.7096
2018-08-15,Assaba,Kankossa,Kankossa,15.938907,-11.527006,cereals and tubers,Rice (local),KG,actual,Retail,MRU,27.2,0.7619
2018-08-15,Assaba,Barkeol,Barkéol,16.640389,-12.498493,cereals and tubers,Sorghum (taghalit),KG,actual,Retail,MRU,50.0,1.4006
2018-08-15,Assaba,Kankossa,Kankossa,15.938907,-11.527006,cereals and tubers,Sorghum (taghalit),KG,actual,Retail,MRU,35.8,1.0028
2018-08-15,Assaba,Barkeol,Barkéol,16.640389,-12.498493,miscellaneous food,Sugar,KG,actual,Retail,MRU,25.0,0.7003
2018-08-15,Assaba,Kankossa,Kankossa,15.938907,-11.527006,miscellaneous food,Sugar,KG,actual,Retail,MRU,22.4,0.6275
2018-08-15,Assaba,Barkeol,Barkéol,16.640389,-12.498493,cereals and tubers,Wheat,KG,actual,Retail,MRU,13.17,0.3688
2018-08-15,Assaba,Kankossa,Kankossa,15.938907,-11.527006,cereals and tubers,Wheat,KG,actual,Retail,MRU,16.4,0.4594
2018-11-15,Assaba,Barkeol,Barkéol,16.640389,-12.498493,oil and fats,Oil (vegetable),L,actual,Retail,MRU,40.0,1.0995
2018-11-15,Assaba,Kankossa,Kankossa,15.938907,-11.527006,oil and fats,Oil (vegetable),L,actual,Retail,MRU,40.0,1.0995
2018-11-15,Assaba,Barkeol,Barkéol,16.640389,-12.498493,cereals and tubers,Rice (imported),KG,actual,Retail,MRU,30.0,0.8246
2018-11-15,Assaba,Kankossa,Kankossa,15.938907,-11.527006,cereals and tubers,Rice (imported),KG,actual,Retail,MRU,37.0,1.017
2018-11-15,Assaba,Barkeol,Barkéol,16.640389,-12.498493,cereals and tubers,Rice (local),KG,actual,Retail,MRU,25.33,0.6964
2018-11-15,Assaba,Kankossa,Kankossa,15.938907,-11.527006,cereals and tubers,Rice (local),KG,actual,Retail,MRU,26.17,0.7193
2018-11-15,Assaba,Barkeol,Barkéol,16.640389,-12.498493,cereals and tubers,Sorghum (taghalit),KG,actual,Retail,MRU,50.0,1.3744
2018-11-15,Assaba,Kankossa,Kankossa,15.938907,-11.527006,cereals and tubers,Sorghum (taghalit),KG,actual,Retail,MRU,36.17,0.9941
2018-11-15,Assaba,Barkeol,Barkéol,16.640389,-12.498493,miscellaneous food,Sugar,KG,actual,Retail,MRU,25.0,0.6872
2018-11-15,Assaba,Kankossa,Kankossa,15.938907,-11.527006,miscellaneous food,Sugar,KG,actual,Retail,MRU,20.33,0.5589
2018-11-15,Assaba,Barkeol,Barkéol,16.640389,-12.498493,cereals and tubers,Wheat,KG,actual,Retail,MRU,12.5,0.3436
2018-11-15,Assaba,Kankossa,Kankossa,15.938907,-11.527006,cereals and tubers,Wheat,KG,actual,Retail,MRU,15.83,0.4352
